Employee(id=-1, name=test, dob=Thu Oct 22 13:58:34 IST 2020)
Employee(id=-1, name=test, dob=Thu Oct 22 13:58:34 IST 2020)
Employee(id=-1, name=test, dob=Thu Oct 22 13:58:34 IST 2020)
Employee(id=-1, name=test, dob=Thu Oct 22 13:58:34 IST 2020)
Employee(id=-1, name=test, dob=Thu Oct 22 13:58:34 IST 2020)
Employee(id=-1, name=test, dob=Thu Oct 22 13:58:34 IST 2020)
Employee(id=-1, name=test, dob=Thu Oct 22 13:58:34 IST 2020)
Employee(id=-1, name=test, dob=Thu Oct 22 13:58:34 IST 2020)
Employee(id=-1, name=test, dob=Thu Oct 22 13:58:34 IST 2020)
Employee(id=-1, name=test, dob=Thu Oct 22 13:58:34 IST 2020)
